epoch,lr,loss_train
1.0,9.120108393559098e-05,6.9615045609918464
2.0,8.31763771102671e-05,3.8988389217501815
3.0,7.585775750291839e-05,3.6166775466227787
4.0,6.918309709189365e-05,3.4983270954778236
5.0,6.309573444801933e-05,3.4231192579124916
