{"main_pi_3d_crossAtt_propro3_in50_kz10_lr0.005_testepo25": {"AVG": {"mpjpe_joi": [0.806640509720687, 1.7563972443201852, 2.779168570621796, 3.8077938612813664, 4.779124033881506, 5.708162747896635, 6.586196001133701, 7.406821138630482, 8.17403068123283, 8.898784116448562, 9.565570537860577, 10.200037143294066, 10.793081765646463, 11.35804025120039, 11.8944056105202, 12.406367758566768, 12.889628843011062, 13.361849822279423, 13.821498110305571, 14.27627503591205, 14.724754249656593, 15.176145233202206, 15.614872571624804, 16.057982296546925, 16.491094903631524, 16.912250991893153, 17.31773963341346, 17.71505976846117, 18.109991723364526, 18.50733930986006], "mpjpe_ali": [0.4528054464930081, 0.9688485712982609, 1.5079359626470592, 2.040251817209193, 2.5540945630994285, 3.0414561357004115, 3.500471453464574, 3.9245547379953334, 4.3063430666362095, 4.651725086349894, 4.956733739544496, 5.230161202758597, 5.470663217397837, 5.683589186735767, 5.869249496579732, 6.0332976480481015, 6.180450631086269, 6.318229998673899, 6.449814884778656, 6.584668960451518, 6.716586006679565, 6.842072802772702, 6.959712365358553, 7.073081239613484, 7.179700195695767, 7.28063291732333, 7.378121536230928, 7.476813108243598, 7.574288240968714, 7.676084820853672]}}}